REPLACE INTO `rvs_category` (`rvs_category_id`, `category_name`, `category_sh_name`) VALUES ('21', 'Blog', 'bl');
REPLACE INTO `rvs_charset` (`charset_id`, `charset_name`, `charset_value`, `xml_lang`) VALUES ('17', 'english', 'iso-8859-15', 'en');
REPLACE INTO `rvs_color` (`color_id`, `color_name`, `color_code`) VALUES ('67', 'Black', '000000');
REPLACE INTO `rvs_color_group` (`color_group_id`, `color_id`) VALUES ('13', '67');
REPLACE INTO `rvs_color_group_name` (`color_group_id`, `default_color_id`) VALUES ('13', '67');
REPLACE INTO `rvs_font` (`font_id`, `font_name`) VALUES ('4', 'Georgia');
REPLACE INTO `rvs_layout_template` (`layout_template_id`, `layout_template_name`, `layout_template_data`, `layout_template_desc`, `layout_template_preview`, `layout_template_head`, `layout_group_id`) VALUES ('80aafd719a9709f99c9e2e64973317c4', 'General style 16', '<!-- ####### LAYOUT CSS: MODIFY COLOR, FONT AND BOX SIZE HERE BUT DO NOT DELETE. ####### -->\r\n\r\n<style type=\"text/css\">\r\n.type16head{\r\n		font-size:110%; \r\n		font-weight:bold; \r\n		color:#6E8869; \r\n		padding:3px 8px 7px 8px;\r\n} \r\n.type16subhead{\r\n		font-weight:bold; \r\n		color:#6E8869;\r\n} \r\n.type16padbullet{\r\n		padding: 5px 3px 3px 3px; \r\n		text-align:center;\r\n} \r\n.type16padtbl{padding:10px 10px;}\r\n.type16padlr{\r\n		margin:0px 8px;\r\n		border-top:dashed #7D7D7D 1px;\r\n}\r\n.type16padquote{padding:0px 10px;}\r\n.type16pararight{\r\n		padding:10px 10px;\r\n}\r\n.type16border01{\r\n		border:#93AC8E solid 1px; \r\n		color:#FFFFFF;\r\n}	\r\n.type16border02{\r\n		border:#FFFFFF solid 1px; \r\n		background-color:#A5BCA1;\r\n		padding:20px;\r\n}\r\n.type16btb01{border:#CADAC6 solid 1px;}	\r\n.type16btb02{\r\n		border:#FFFFFF solid 1px; \r\n		background-color:#CADAC6;\r\n}\r\n.type16lineshadow_t{background-image:url(images/lineshadow_t.gif);}\r\n.type16lineshadow_b{background-image:url(images/lineshadow_b.gif);}\r\n.type16bdrimg{ border:#FFFFFF solid 1px;}\r\n</style>\r\n<!-- ########################### END CSS LAYOUT ###########################  -->\r\n<table cellpadding=\"5\" cellspacing=\"0\" width=\"100%\" class=\"type16btb01\" >\r\n	<tr>\r\n		<td valign=\"top\">\r\n			<table cellpadding=\"0\" cellspacing=\"5\">\r\n			  <tr>\r\n				<td align=\"left\" valign=\"top\">\r\n					<table cellpadding=\"0\" cellspacing=\"0\" width=\"100%\">\r\n						<tr>\r\n							<td align=\"left\" valign=\"top\">\r\n								<table cellpadding=\"0\" cellspacing=\"0\" width=\"100%\">\r\n									<tr><td align=\"left\" colspan=\"6\" class=\"type16head\">Europan lingues </td>\r\n									</tr>\r\n									<tr>\r\n										<td valign=\"top\" width=\"33%\">\r\n											<table cellpadding=\"3\" cellspacing=\"0\" width=\"100%\">\r\n												<tr>\r\n													<td colspan=\"2\" valign=\"top\" align=\"left\"><img src=\"images/150x50.gif\" alt=\"\" width=\"150\" height=\"50\" border=\"1\" class=\"type16bdrimg\" /></td>\r\n												</tr>\r\n												<tr>\r\n												  <td class=\"type16padbullet\" valign=\"top\"><img src=\"images/bullet.gif\" alt=\"\" width=\"9\" height=\"9\" /></td>\r\n												  <td align=\"left\" valign=\"top\">Olypian quarrels et gorilla congolium sic ad nauseum. <br /><br /></td>\r\n												</tr>\r\n												<tr>\r\n													<td class=\"type16padbullet\" valign=\"top\"><img src=\"images/bullet.gif\" alt=\"\" width=\"9\" height=\"9\" /></td>\r\n													<td align=\"left\" valign=\"top\">Olypian quarrels et gorilla congolium sic ad nauseum.<br /><br /> </td>\r\n												</tr>\r\n												<tr>\r\n													<td class=\"type16padbullet\" valign=\"top\"><img src=\"images/bullet.gif\" alt=\"\" width=\"9\" height=\"9\" /></td>\r\n													<td align=\"left\" valign=\"top\">Olypian quarrels et gorilla congolium sic ad nauseum.<br /><br /> </td>\r\n												</tr>\r\n											</table>\r\n										</td>\r\n										\r\n										<td class=\"type16linetd\"><img src=\"images/spacer.gif\" alt=\"\" width=\"2\" height=\"1\" /></td>\r\n										\r\n										<td valign=\"top\" width=\"34%\">\r\n											<table cellpadding=\"3\" cellspacing=\"0\" width=\"100%\">\r\n												<tr>\r\n													<td colspan=\"2\" valign=\"top\" align=\"left\"><img src=\"images/150x50.gif\" alt=\"\" width=\"150\" height=\"50\" border=\"1\" class=\"type16bdrimg\" /></td>\r\n												</tr>\r\n												<tr>\r\n												  <td class=\"type16padbullet\" valign=\"top\"><img src=\"images/bullet.gif\" alt=\"\" width=\"9\" height=\"9\" /></td>\r\n												  <td align=\"left\" valign=\"top\">Olypian quarrels et gorilla congolium sic ad nauseum. <br /><br /></td>\r\n												</tr>\r\n												<tr>\r\n													<td class=\"type16padbullet\" valign=\"top\"><img src=\"images/bullet.gif\" alt=\"\" width=\"9\" height=\"9\" /></td>\r\n													<td align=\"left\" valign=\"top\">Olypian quarrels et gorilla congolium sic ad nauseum.<br /><br /> </td>\r\n												</tr>\r\n												<tr>\r\n													<td class=\"type16padbullet\" valign=\"top\"><img src=\"images/bullet.gif\" alt=\"\" width=\"9\" height=\"9\" /></td>\r\n													<td align=\"left\" valign=\"top\">Olypian quarrels et gorilla congolium sic ad nauseum.<br /><br /> </td>\r\n												</tr>\r\n											</table>\r\n										</td>\r\n										\r\n										<td class=\"type16linetd\"><img src=\"images/spacer.gif\" alt=\"\" width=\"2\" height=\"1\" /></td>\r\n										\r\n										<td valign=\"top\" width=\"33%\">\r\n											<table cellpadding=\"3\" cellspacing=\"0\" width=\"100%\">\r\n												<tr>\r\n													<td colspan=\"2\" valign=\"top\" align=\"left\"><img src=\"images/150x50.gif\" alt=\"\" width=\"150\" height=\"50\" border=\"1\" class=\"type16bdrimg\" /></td>\r\n												</tr>\r\n												<tr>\r\n												  <td class=\"type16padbullet\" valign=\"top\"><img src=\"images/bullet.gif\" alt=\"\" width=\"9\" height=\"9\" /></td>\r\n												  <td align=\"left\" valign=\"top\">Olypian quarrels et gorilla congolium sic ad nauseum. <br /><br /></td>\r\n												</tr>\r\n												<tr>\r\n													<td class=\"type16padbullet\" valign=\"top\"><img src=\"images/bullet.gif\" alt=\"\" width=\"9\" height=\"9\" /></td>\r\n													<td align=\"left\" valign=\"top\">Olypian quarrels et gorilla congolium sic ad nauseum.<br /><br /> </td>\r\n												</tr>\r\n												<tr>\r\n													<td class=\"type16padbullet\" valign=\"top\"><img src=\"images/bullet.gif\" alt=\"\" width=\"9\" height=\"9\" /></td>\r\n													<td align=\"left\" valign=\"top\">Olypian quarrels et gorilla congolium sic ad nauseum.<br /><br /> </td>\r\n												</tr>\r\n											</table>\r\n										</td>\r\n									</tr>\r\n								</table>\r\n							</td>\r\n						</tr>\r\n						<tr>\r\n							<td valign=\"top\" align=\"center\" class=\"type16padtbl\">\r\n								<table cellpadding=\"0\" cellspacing=\"0\" width=\"100%\" class=\"type16border01\">\r\n									<tr>\r\n										<td class=\"type16border02\">\r\n										<div align=\"left\">\r\n											<div><img src=\"images/quote01.gif\" alt=\"\" width=\"15\" height=\"14\" align=\"absbottom\" /></div>\r\n											<div class=\"type16padquote\">pro quo hic escorol. Olypian quarrels et gorilla congolium sic ad nauseum. Souvlaki ignitus carborundum e pluribus unum. Defacto lingo est igpay atinlay. Marquee selectus non provisio incongruous feline nolo contendre. Gratuitous octopus niacin, sodium glutimate.</div>														\r\n											<div align=\"right\"><img src=\"images/quote02.gif\" alt=\"\" width=\"15\" height=\"14\" /></div>\r\n										</div>							\r\n										</td>\r\n									</tr> \r\n								</table>\r\n							</td>\r\n						</tr>\r\n					</table>\r\n				</td>\r\n				<td valign=\"top\" width=\"25%\">\r\n					<table cellpadding=\"0\" cellspacing=\"0\" width=\"100%\" bgcolor=\"#FFFFFF\">\r\n						<tr><td class=\"type16lineshadow_t\"><img src=\"images/spacer.gif\" alt=\"\" width=\"1\" height=\"6\" /></td></tr>\r\n						<tr>\r\n							<td align=\"left\" valign=\"top\" class=\"type16head\">Olypian quarrels</td>\r\n						</tr>\r\n						<tr>\r\n							<td align=\"left\" valign=\"top\">\r\n							<div class=\"type16padlr\">\r\n								<div class=\"type16subhead\"> <img src=\"images/bullet.gif\" alt=\"\" width=\"9\" height=\"9\" /> 03/05/07</div>\r\n								<div class=\"type16pararight\">\r\n									<span class=\"type16subhead\">Pro quo hic escorol.</span>\r\n									<span> Olypian quarrels et gorilla congolium sic ad nauseum.</span>\r\n								</div>\r\n							</div> \r\n							</td>\r\n						</tr>\r\n						<tr>\r\n							<td align=\"left\" valign=\"top\">\r\n							<div class=\"type16padlr\">\r\n								<div class=\"type16subhead\"> <img src=\"images/bullet.gif\" alt=\"\" width=\"9\" height=\"9\" /> 03/05/07</div>\r\n								<div class=\"type16pararight\">\r\n									<span class=\"type16subhead\">Pro quo hic escorol.</span>\r\n									<span> Olypian quarrels et gorilla congolium sic ad nauseum.</span>\r\n								</div>\r\n							</div> \r\n							</td>\r\n						</tr>\r\n						<tr>\r\n							<td align=\"left\" valign=\"top\">\r\n							<div class=\"type16padlr\">\r\n								<div class=\"type16subhead\"> <img src=\"images/bullet.gif\" alt=\"\" width=\"9\" height=\"9\" /> 03/05/07</div>\r\n								<div class=\"type16pararight\">\r\n									<span class=\"type16subhead\">Pro quo hic escorol.</span>\r\n									<span> Olypian quarrels et gorilla congolium sic ad nauseum.</span>\r\n								</div>\r\n							</div> \r\n							</td>\r\n						</tr>\r\n						<tr><td class=\"type16lineshadow_b\"><img src=\"images/spacer.gif\" alt=\"\" width=\"1\" height=\"5\" /></td></tr>\r\n					</table>\r\n				</td>\r\n			  </tr>\r\n			</table>\r\n		</td>\r\n	</tr>\r\n</table>', '', 'b_layout16.jpg', '', '3');
REPLACE INTO `rvs_layout_group` (`layout_group_id`, `layout_group_name`, `layout_category_id`) VALUES ('3', 'general style', '1');
REPLACE INTO `rvs_navigator_name` (`navigator_name_id`, `navigator_name`) VALUES ('24', 'v_arrow_tab');
REPLACE INTO `rvs_navigator` (`navigator_id`, `menustyle_id`, `navigator_name_id`) VALUES ('288', '1', '24');
REPLACE INTO `forms` (`id`, `username`, `title`, `height`, `status`) VALUES ('a64d589bd9681ee28d36b5e0531c6e01', '8c4ecb967d961441575fd98192e10d28', 'Form 8', '640', 'undefined');
REPLACE INTO `questions` (`form_id`, `id`, `order`, `type`) VALUES ('a64d589bd9681ee28d36b5e0531c6e01', '0', '2', 'control_textbox');
REPLACE INTO `questions` (`form_id`, `id`, `order`, `type`) VALUES ('a64d589bd9681ee28d36b5e0531c6e01', '1', '3', 'control_textbox');
REPLACE INTO `questions` (`form_id`, `id`, `order`, `type`) VALUES ('a64d589bd9681ee28d36b5e0531c6e01', '2', '4', 'control_textbox');
REPLACE INTO `questions` (`form_id`, `id`, `order`, `type`) VALUES ('a64d589bd9681ee28d36b5e0531c6e01', '8', '8', 'control_button');
REPLACE INTO `questions` (`form_id`, `id`, `order`, `type`) VALUES ('a64d589bd9681ee28d36b5e0531c6e01', '10', '5', 'control_dropdown');
REPLACE INTO `questions` (`form_id`, `id`, `order`, `type`) VALUES ('a64d589bd9681ee28d36b5e0531c6e01', '11', '6', 'control_dropdown');
REPLACE INTO `questions` (`form_id`, `id`, `order`, `type`) VALUES ('a64d589bd9681ee28d36b5e0531c6e01', '12', '7', 'control_textarea');
REPLACE INTO `questions` (`form_id`, `id`, `order`, `type`) VALUES ('a64d589bd9681ee28d36b5e0531c6e01', '13', '1', 'control_radio');
REPLACE INTO `question_properties` (`form_id`, `question_id`, `prop`, `value`) VALUES ('a64d589bd9681ee28d36b5e0531c6e01', '0', 'desc', '');
REPLACE INTO `question_properties` (`form_id`, `question_id`, `prop`, `value`) VALUES ('a64d589bd9681ee28d36b5e0531c6e01', '0', 'maxsize', '100');
REPLACE INTO `question_properties` (`form_id`, `question_id`, `prop`, `value`) VALUES ('a64d589bd9681ee28d36b5e0531c6e01', '0', 'name', 'firstname');
REPLACE INTO `question_properties` (`form_id`, `question_id`, `prop`, `value`) VALUES ('a64d589bd9681ee28d36b5e0531c6e01', '0', 'required', 'yes');
REPLACE INTO `question_properties` (`form_id`, `question_id`, `prop`, `value`) VALUES ('a64d589bd9681ee28d36b5e0531c6e01', '0', 'senderemail', 'no');
REPLACE INTO `question_properties` (`form_id`, `question_id`, `prop`, `value`) VALUES ('a64d589bd9681ee28d36b5e0531c6e01', '0', 'size', '20');
REPLACE INTO `question_properties` (`form_id`, `question_id`, `prop`, `value`) VALUES ('a64d589bd9681ee28d36b5e0531c6e01', '0', 'text', 'First Name:');
REPLACE INTO `question_properties` (`form_id`, `question_id`, `prop`, `value`) VALUES ('a64d589bd9681ee28d36b5e0531c6e01', '0', 'validation', 'no');
REPLACE INTO `question_properties` (`form_id`, `question_id`, `prop`, `value`) VALUES ('a64d589bd9681ee28d36b5e0531c6e01', '1', 'desc', '');
REPLACE INTO `question_properties` (`form_id`, `question_id`, `prop`, `value`) VALUES ('a64d589bd9681ee28d36b5e0531c6e01', '1', 'maxsize', '100');
REPLACE INTO `question_properties` (`form_id`, `question_id`, `prop`, `value`) VALUES ('a64d589bd9681ee28d36b5e0531c6e01', '1', 'name', 'lastname');
REPLACE INTO `question_properties` (`form_id`, `question_id`, `prop`, `value`) VALUES ('a64d589bd9681ee28d36b5e0531c6e01', '1', 'required', 'yes');
REPLACE INTO `question_properties` (`form_id`, `question_id`, `prop`, `value`) VALUES ('a64d589bd9681ee28d36b5e0531c6e01', '1', 'senderemail', 'no');
REPLACE INTO `question_properties` (`form_id`, `question_id`, `prop`, `value`) VALUES ('a64d589bd9681ee28d36b5e0531c6e01', '1', 'size', '20');
REPLACE INTO `question_properties` (`form_id`, `question_id`, `prop`, `value`) VALUES ('a64d589bd9681ee28d36b5e0531c6e01', '1', 'text', 'Last Name:');
REPLACE INTO `question_properties` (`form_id`, `question_id`, `prop`, `value`) VALUES ('a64d589bd9681ee28d36b5e0531c6e01', '1', 'validation', 'no');
REPLACE INTO `question_properties` (`form_id`, `question_id`, `prop`, `value`) VALUES ('a64d589bd9681ee28d36b5e0531c6e01', '2', 'desc', '');
REPLACE INTO `question_properties` (`form_id`, `question_id`, `prop`, `value`) VALUES ('a64d589bd9681ee28d36b5e0531c6e01', '2', 'maxsize', '100');
REPLACE INTO `question_properties` (`form_id`, `question_id`, `prop`, `value`) VALUES ('a64d589bd9681ee28d36b5e0531c6e01', '2', 'name', 'email');
REPLACE INTO `question_properties` (`form_id`, `question_id`, `prop`, `value`) VALUES ('a64d589bd9681ee28d36b5e0531c6e01', '2', 'required', 'no');
REPLACE INTO `question_properties` (`form_id`, `question_id`, `prop`, `value`) VALUES ('a64d589bd9681ee28d36b5e0531c6e01', '2', 'senderemail', 'no');
REPLACE INTO `question_properties` (`form_id`, `question_id`, `prop`, `value`) VALUES ('a64d589bd9681ee28d36b5e0531c6e01', '2', 'size', '20');
REPLACE INTO `question_properties` (`form_id`, `question_id`, `prop`, `value`) VALUES ('a64d589bd9681ee28d36b5e0531c6e01', '2', 'text', 'E-mail:');
REPLACE INTO `question_properties` (`form_id`, `question_id`, `prop`, `value`) VALUES ('a64d589bd9681ee28d36b5e0531c6e01', '2', 'validation', 'no');
REPLACE INTO `question_properties` (`form_id`, `question_id`, `prop`, `value`) VALUES ('a64d589bd9681ee28d36b5e0531c6e01', '8', 'clear', 'no');
REPLACE INTO `question_properties` (`form_id`, `question_id`, `prop`, `value`) VALUES ('a64d589bd9681ee28d36b5e0531c6e01', '8', 'resettext', 'clear');
REPLACE INTO `question_properties` (`form_id`, `question_id`, `prop`, `value`) VALUES ('a64d589bd9681ee28d36b5e0531c6e01', '8', 'submittext', 'Submit');
REPLACE INTO `question_properties` (`form_id`, `question_id`, `prop`, `value`) VALUES ('a64d589bd9681ee28d36b5e0531c6e01', '8', 'text', '');
REPLACE INTO `question_properties` (`form_id`, `question_id`, `prop`, `value`) VALUES ('a64d589bd9681ee28d36b5e0531c6e01', '10', 'desc', '');
REPLACE INTO `question_properties` (`form_id`, `question_id`, `prop`, `value`) VALUES ('a64d589bd9681ee28d36b5e0531c6e01', '10', 'name', 'children');
REPLACE INTO `question_properties` (`form_id`, `question_id`, `prop`, `value`) VALUES ('a64d589bd9681ee28d36b5e0531c6e01', '10', 'options', '1<br>2<br>3<br>4<br>5');
REPLACE INTO `question_properties` (`form_id`, `question_id`, `prop`, `value`) VALUES ('a64d589bd9681ee28d36b5e0531c6e01', '10', 'required', 'no');
REPLACE INTO `question_properties` (`form_id`, `question_id`, `prop`, `value`) VALUES ('a64d589bd9681ee28d36b5e0531c6e01', '10', 'size', '1');
REPLACE INTO `question_properties` (`form_id`, `question_id`, `prop`, `value`) VALUES ('a64d589bd9681ee28d36b5e0531c6e01', '10', 'special', 'none');
REPLACE INTO `question_properties` (`form_id`, `question_id`, `prop`, `value`) VALUES ('a64d589bd9681ee28d36b5e0531c6e01', '10', 'text', 'Number of children:');
REPLACE INTO `question_properties` (`form_id`, `question_id`, `prop`, `value`) VALUES ('a64d589bd9681ee28d36b5e0531c6e01', '11', 'desc', '');
REPLACE INTO `question_properties` (`form_id`, `question_id`, `prop`, `value`) VALUES ('a64d589bd9681ee28d36b5e0531c6e01', '11', 'name', 'adults');
REPLACE INTO `question_properties` (`form_id`, `question_id`, `prop`, `value`) VALUES ('a64d589bd9681ee28d36b5e0531c6e01', '11', 'options', '1<br>2<br>3<br>4');
REPLACE INTO `question_properties` (`form_id`, `question_id`, `prop`, `value`) VALUES ('a64d589bd9681ee28d36b5e0531c6e01', '11', 'required', 'no');
REPLACE INTO `question_properties` (`form_id`, `question_id`, `prop`, `value`) VALUES ('a64d589bd9681ee28d36b5e0531c6e01', '11', 'size', '1');
REPLACE INTO `question_properties` (`form_id`, `question_id`, `prop`, `value`) VALUES ('a64d589bd9681ee28d36b5e0531c6e01', '11', 'special', 'none');
REPLACE INTO `question_properties` (`form_id`, `question_id`, `prop`, `value`) VALUES ('a64d589bd9681ee28d36b5e0531c6e01', '11', 'text', 'Number of Adults:');
REPLACE INTO `question_properties` (`form_id`, `question_id`, `prop`, `value`) VALUES ('a64d589bd9681ee28d36b5e0531c6e01', '12', 'cols', '30');
REPLACE INTO `question_properties` (`form_id`, `question_id`, `prop`, `value`) VALUES ('a64d589bd9681ee28d36b5e0531c6e01', '12', 'desc', '');
REPLACE INTO `question_properties` (`form_id`, `question_id`, `prop`, `value`) VALUES ('a64d589bd9681ee28d36b5e0531c6e01', '12', 'name', 'message');
REPLACE INTO `question_properties` (`form_id`, `question_id`, `prop`, `value`) VALUES ('a64d589bd9681ee28d36b5e0531c6e01', '12', 'required', 'no');
REPLACE INTO `question_properties` (`form_id`, `question_id`, `prop`, `value`) VALUES ('a64d589bd9681ee28d36b5e0531c6e01', '12', 'rows', '2');
REPLACE INTO `question_properties` (`form_id`, `question_id`, `prop`, `value`) VALUES ('a64d589bd9681ee28d36b5e0531c6e01', '12', 'text', 'Message to the Bride and Groom');
REPLACE INTO `question_properties` (`form_id`, `question_id`, `prop`, `value`) VALUES ('a64d589bd9681ee28d36b5e0531c6e01', '12', 'validation', 'no');
REPLACE INTO `question_properties` (`form_id`, `question_id`, `prop`, `value`) VALUES ('a64d589bd9681ee28d36b5e0531c6e01', '13', 'checked', 'no');
REPLACE INTO `question_properties` (`form_id`, `question_id`, `prop`, `value`) VALUES ('a64d589bd9681ee28d36b5e0531c6e01', '13', 'desc', '');
REPLACE INTO `question_properties` (`form_id`, `question_id`, `prop`, `value`) VALUES ('a64d589bd9681ee28d36b5e0531c6e01', '13', 'options', 'can attend <br>can\'t attend<br>');
REPLACE INTO `question_properties` (`form_id`, `question_id`, `prop`, `value`) VALUES ('a64d589bd9681ee28d36b5e0531c6e01', '13', 'required', 'yes');
REPLACE INTO `question_properties` (`form_id`, `question_id`, `prop`, `value`) VALUES ('a64d589bd9681ee28d36b5e0531c6e01', '13', 'text', 'Attendance:');
REPLACE INTO `question_properties` (`form_id`, `question_id`, `prop`, `value`) VALUES ('a64d589bd9681ee28d36b5e0531c6e01', '999', '', '');
REPLACE INTO `question_properties` (`form_id`, `question_id`, `prop`, `value`) VALUES ('a64d589bd9681ee28d36b5e0531c6e01', '999', 'alignment', 'default');
REPLACE INTO `question_properties` (`form_id`, `question_id`, `prop`, `value`) VALUES ('a64d589bd9681ee28d36b5e0531c6e01', '999', 'background', 'white');
REPLACE INTO `question_properties` (`form_id`, `question_id`, `prop`, `value`) VALUES ('a64d589bd9681ee28d36b5e0531c6e01', '999', 'conf_subj', 'Submission Received');
REPLACE INTO `question_properties` (`form_id`, `question_id`, `prop`, `value`) VALUES ('a64d589bd9681ee28d36b5e0531c6e01', '999', 'email_addr', 'your email@dimitriandalice.com');
REPLACE INTO `question_properties` (`form_id`, `question_id`, `prop`, `value`) VALUES ('a64d589bd9681ee28d36b5e0531c6e01', '999', 'ext_sendpostdata', 'no');
REPLACE INTO `question_properties` (`form_id`, `question_id`, `prop`, `value`) VALUES ('a64d589bd9681ee28d36b5e0531c6e01', '999', 'font', 'Verdana');
REPLACE INTO `question_properties` (`form_id`, `question_id`, `prop`, `value`) VALUES ('a64d589bd9681ee28d36b5e0531c6e01', '999', 'fontcolor', '#464b4d');
REPLACE INTO `question_properties` (`form_id`, `question_id`, `prop`, `value`) VALUES ('a64d589bd9681ee28d36b5e0531c6e01', '999', 'fontsize', '12');
REPLACE INTO `question_properties` (`form_id`, `question_id`, `prop`, `value`) VALUES ('a64d589bd9681ee28d36b5e0531c6e01', '999', 'sendpostdata', 'yes');
REPLACE INTO `question_properties` (`form_id`, `question_id`, `prop`, `value`) VALUES ('a64d589bd9681ee28d36b5e0531c6e01', '999', 'spamcheck', 'Enabled');
REPLACE INTO `question_properties` (`form_id`, `question_id`, `prop`, `value`) VALUES ('a64d589bd9681ee28d36b5e0531c6e01', '999', 'thanktext', 'Thanks for submitting our form, we will get back to you as soon as possible.');
REPLACE INTO `question_properties` (`form_id`, `question_id`, `prop`, `value`) VALUES ('a64d589bd9681ee28d36b5e0531c6e01', '999', 'theme', 'Default');
REPLACE INTO `question_properties` (`form_id`, `question_id`, `prop`, `value`) VALUES ('a64d589bd9681ee28d36b5e0531c6e01', '999', 'use_buildin_formmail', 'yes');
REPLACE INTO `question_utf8` (`form_id`, `utf8format`) VALUES ('a64d589bd9681ee28d36b5e0531c6e01', '1');
REPLACE INTO `rvs_project_page_out_seggestion` (`project_page_id`, `out_suggestion_id`) VALUES ('b38014203b9e6559074c550399b80637', '1');
REPLACE INTO `rvs_project_page_out_seggestion` (`project_page_id`, `out_suggestion_id`) VALUES ('da2f8c0c831cf2d7f4f84f5aadccd1f2', '3');
REPLACE INTO `rvs_project_page_out_seggestion` (`project_page_id`, `out_suggestion_id`) VALUES ('d5b246f8e59d9028b731853db66ce11b', '16');
REPLACE INTO `rvs_project_page_out_seggestion` (`project_page_id`, `out_suggestion_id`) VALUES ('d930992c0a663b586316c2737ab70b7f', '2');
REPLACE INTO `rvs_project_page_out_seggestion` (`project_page_id`, `out_suggestion_id`) VALUES ('258f6296f681f19172982de2717d953a', '');
REPLACE INTO `rvs_project_page_out_seggestion` (`project_page_id`, `out_suggestion_id`) VALUES ('ac7e6a6825fb4a0c62884ae048d8dc73', '');
REPLACE INTO `rvs_project_page_out_seggestion` (`project_page_id`, `out_suggestion_id`) VALUES ('2e6e09d62cf110267af3f76e146ba8c2', '');
REPLACE INTO `rvs_project_page_out_seggestion` (`project_page_id`, `out_suggestion_id`) VALUES ('f9b2cfbecc7c56def6052828b85fae00', '');
REPLACE INTO `rvs_project_page_out_seggestion` (`project_page_id`, `out_suggestion_id`) VALUES ('9549b5dc8c010729dbf7c8e7e0c4b6cf', '');
REPLACE INTO `rvs_out_suggestion` (`out_suggestion_id`, `out_suggestion_name`, `description_keylang`) VALUES ('1', 'Home', 'our suggestion Home description');
REPLACE INTO `rvs_out_suggestion` (`out_suggestion_id`, `out_suggestion_name`, `description_keylang`) VALUES ('3', 'News & Events', 'our suggestion News & Events description');
REPLACE INTO `rvs_out_suggestion` (`out_suggestion_id`, `out_suggestion_name`, `description_keylang`) VALUES ('16', 'Location', 'our suggestion Location description');
REPLACE INTO `rvs_out_suggestion` (`out_suggestion_id`, `out_suggestion_name`, `description_keylang`) VALUES ('2', 'About us', 'our suggestion About us description');
REPLACE INTO `rvs_picture` (`picture_id`, `picture_name`) VALUES ('81e73cdbc481c540bc89e4015eaf710f', 'flower');
REPLACE INTO `rvs_project` (`project_id`, `project_info_id`, `rvs_usr_id`, `project_name`, `project_directory`, `utf8format`) VALUES ('8c4ecb967d961441575fd98192e10d28', '53900631c29aad6e7cc7fef68e4a5c11', 'c6cfcbb6a5d54aa5f85a869579e0989f', 'Dimitri and Alice', '', '1');
REPLACE INTO `rvs_project_info` (`project_info_id`, `template_item_id`, `font_id`, `navigator_id`, `rvs_category_id`, `charset_id`, `project_company`, `project_slogan`, `project_logo`, `project_title`, `project_keyword`, `project_description`, `project_domain`, `check_step`, `effect_site_enter`, `duration_site_enter`, `last_update`, `layout_template_id`, `i_pathway`, `i_mail`, `i_print`, `i_favorite`, `no_slogan`, `no_company_name`, `navigator_name_id`) VALUES ('53900631c29aad6e7cc7fef68e4a5c11', '7293e370ec9c0835b6f1c558402858c1', '4', '415895ea6eee4ec7c496068a3b802ab4', '21', '17', 'Dimitri and Alice', '', 'LOGO.JPG', 'Dimitri & Alice', '', '', 'dimitriandalice.com', '4', null, null, '1293389698', '80aafd719a9709f99c9e2e64973317c4', '1', '1', '1', '1', '0', '0', '24');
REPLACE INTO `rvs_project_layout_page` (`project_id`, `project_page_id`, `parent_project_page_id`, `priority`) VALUES ('8c4ecb967d961441575fd98192e10d28', 'b38014203b9e6559074c550399b80637', '0', '1');
REPLACE INTO `rvs_project_layout_page` (`project_id`, `project_page_id`, `parent_project_page_id`, `priority`) VALUES ('8c4ecb967d961441575fd98192e10d28', 'da2f8c0c831cf2d7f4f84f5aadccd1f2', '0', '3');
REPLACE INTO `rvs_project_layout_page` (`project_id`, `project_page_id`, `parent_project_page_id`, `priority`) VALUES ('8c4ecb967d961441575fd98192e10d28', 'd5b246f8e59d9028b731853db66ce11b', '0', '4');
REPLACE INTO `rvs_project_layout_page` (`project_id`, `project_page_id`, `parent_project_page_id`, `priority`) VALUES ('8c4ecb967d961441575fd98192e10d28', 'd930992c0a663b586316c2737ab70b7f', '0', '2');
REPLACE INTO `rvs_project_layout_page` (`project_id`, `project_page_id`, `parent_project_page_id`, `priority`) VALUES ('8c4ecb967d961441575fd98192e10d28', '258f6296f681f19172982de2717d953a', '0', '6');
REPLACE INTO `rvs_project_layout_page` (`project_id`, `project_page_id`, `parent_project_page_id`, `priority`) VALUES ('8c4ecb967d961441575fd98192e10d28', 'ac7e6a6825fb4a0c62884ae048d8dc73', '0', '7');
REPLACE INTO `rvs_project_layout_page` (`project_id`, `project_page_id`, `parent_project_page_id`, `priority`) VALUES ('8c4ecb967d961441575fd98192e10d28', '2e6e09d62cf110267af3f76e146ba8c2', '0', '8');
REPLACE INTO `rvs_project_layout_page` (`project_id`, `project_page_id`, `parent_project_page_id`, `priority`) VALUES ('8c4ecb967d961441575fd98192e10d28', 'f9b2cfbecc7c56def6052828b85fae00', '0', '9');
REPLACE INTO `rvs_project_layout_page` (`project_id`, `project_page_id`, `parent_project_page_id`, `priority`) VALUES ('8c4ecb967d961441575fd98192e10d28', '9549b5dc8c010729dbf7c8e7e0c4b6cf', '0', '5');
REPLACE INTO `rvs_project_page` (`project_page_id`, `rvs_usr_id`, `page_name`, `custom_page_name`, `rvs_component_id`, `page_data`, `page_data_zone_2`, `page_data_zone_3`, `page_data_zone_4`, `colume_width_1`, `colume_width_2`, `colume_width_3`, `rvs_layout_id`, `head`, `page_title`, `meta_keyword`, `meta_description`, `effect_page_enter`, `duration_page_enter`, `meta_page_effect`, `rvs_link_id`, `target`, `form_template_id`, `i_pathway`, `i_mail`, `i_print`, `i_favorite`, `last_modifier`, `link_active`, `page_type`) VALUES ('b38014203b9e6559074c550399b80637', 'c6cfcbb6a5d54aa5f85a869579e0989f', 'Home', '', '0', '<div align=\"center\"><font style=\"font-size: large\">Presenting:<br />\n</font></div>\n<div align=\"center\"><strong><font style=\"font-size: 36px\">Dimitri and Alice</font></strong></div>\n<div align=\"center\"><strong><font style=\"font-size: 24px\">Hammond</font></strong></div>\n<div align=\"center\"><img src=\"file:///C:/Documents%20and%20Settings/hammdi/My%20Documents/Business/Wedding/website/US%21.jpg\" alt=\"\" /></div>\n<div align=\"center\"><font style=\"font-size: large\"><img alt=\"\" title=\"\" src=\"/3rdparty/rvsitebuilder/project/8c4ecb967d961441575fd98192e10d28/documents/US!.jpg\" width=\"360\" height=\"270\" />&nbsp;</font></div>\n<div align=\"center\"><font style=\"font-size: large\">To be wed </font></div>\n<div align=\"center\"><strong><font style=\"font-size: 24px\">30<sup>th</sup> of April, 2011, </font></strong><font style=\"font-size: 24px\">11<sub>am</sub></font></div>\n<div align=\"center\"><font style=\"font-size: large\">Moon River Ranch </font></div>\n<div align=\"center\"><font style=\"font-size: large\"><font style=\"font-size: 14px\">Satin, TX</font>&nbsp;</font></div>\n<div align=\"center\"><font style=\"font-size: large\">&nbsp;</font></div>\n<div align=\"center\"><font style=\"font-size: large\"><img alt=\"\" title=\"\" src=\"/3rdparty/rvsitebuilder/project/8c4ecb967d961441575fd98192e10d28/documents/venue/photos_private_vacations_pool_night.jpg\" width=\"400\" height=\"275\" />&nbsp;</font> </div>\n<div>\n<div>&nbsp;</div></div>\n<div><span>Welcome to our home page!</span></div>\n<div><span>&nbsp;</span></div>\n<div>\n<div><span>We are throwing a large, fun, adventurous weekend party for our wedding ceremony and if you\'re reading this, you\'re invited!&nbsp; Here are some important deadlines:<br xmlns=\"http://www.w3.org/1999/xhtml\" />\n&nbsp;</span></div>\n<div><span>&nbsp;</span></div>\n<div align=\"center\"><span>Please <a href=\"9549b5dc8c010729dbf7c8e7e0c4b6cf.php\" title=\"\"><strong><font style=\"font-size: 18px\">RSVP </font></strong>here</a> by <strong>March 30th, 2011</strong>! </span></div>\n<div align=\"center\"><span>&nbsp;</span></div>\n<div align=\"center\"><span>&nbsp;</span></div>\n<div align=\"center\"><span>Please consider renting a room on the Ranch with us!&nbsp; </span></div>\n<div align=\"center\"><span>See <strong><font style=\"font-size: 18px\"><a href=\"ac7e6a6825fb4a0c62884ae048d8dc73.php\" title=\"\">Accommodations</a></font></strong>.&nbsp; Please reserve by <strong>April 15th!</strong></span><strong> 2011</strong></div>\n<div align=\"center\"><span>&nbsp;</span></div>\n<div align=\"center\"><span>&nbsp;</span></div>\n<div align=\"center\"><span>Also, if you would like to participate in any Saturday activities, see <strong><font style=\"font-size: 18px\"><a href=\"258f6296f681f19172982de2717d953a.php\" title=\"\">Event Info</a></font></strong>.&nbsp; </span></div>\n<div align=\"center\"><span>Please sign up by <strong>April 15th, 2011</strong>!<br />\n</span></div>\n<div><span>&nbsp;</span></div>\n<div><span>&nbsp;</span></div>\n<div><span>&nbsp;</span></div>\n<div><span>We are super excited to see each of you on this very special day! </span></div>\n<div><span>&nbsp;</span></div>\n<div><span>- Dimitri &amp; Alice&nbsp;</span></div></div>', null, null, null, null, null, null, '1', '', '', '', '', null, null, '', '', '', '', null, null, null, null, '1293429379', null, '');
REPLACE INTO `rvs_project_page` (`project_page_id`, `rvs_usr_id`, `page_name`, `custom_page_name`, `rvs_component_id`, `page_data`, `page_data_zone_2`, `page_data_zone_3`, `page_data_zone_4`, `colume_width_1`, `colume_width_2`, `colume_width_3`, `rvs_layout_id`, `head`, `page_title`, `meta_keyword`, `meta_description`, `effect_page_enter`, `duration_page_enter`, `meta_page_effect`, `rvs_link_id`, `target`, `form_template_id`, `i_pathway`, `i_mail`, `i_print`, `i_favorite`, `last_modifier`, `link_active`, `page_type`) VALUES ('da2f8c0c831cf2d7f4f84f5aadccd1f2', 'c6cfcbb6a5d54aa5f85a869579e0989f', 'News & Blog', '', '0', '<div>check here often for latest updates and experiences from the crazy adventures of wedding planning!</div>\n<div>\n<div>\n<div>\n<div>&nbsp;</div></div>\n<div>\n<hr style=\"width: 100%; height: 1px; background-color: #9f20df\" align=\"center\" color=\"#9f20df\" noshade=\"noshade\" /><em>December<span> 20th, 2010</span></em></div>\n<div>\n<h3>Programming a website... yowza!</h3></div>\n<div>So I had no idea that there are so many different tools and technologies for programming a web page!&nbsp; I\'ve finally completed the reservation system, for which I\'ve had to learn PHP, SQL, HTML DOM, CSS, JQuery, AJAX methods, and PayPal\'s IPN API.&nbsp; It\'s taken me a few weeks, but it\'s finally wrapping up!</div>\n<div>&nbsp;</div>\n<div>The real kicker of it all is that I discovered, in my perusing of the PayPal SDK, that they also support inventory management, so I could\'ve done the whole reservation system through them from the beginning and saved myself a bunch of time.&nbsp; Oh well, at least this way I\'ve learned a bunch of useful web tools that I can use in the future! :)</div>\n<div>&nbsp;</div>\n<div>Please email me asap if you have any issues with it!&nbsp; dimitri@DimitriAndAlice.com. </div>\n<div>&nbsp;</div>\n<div>&nbsp;- Dimitri </div>&nbsp;</div></div>\n<div>\n<hr style=\"width: 100%; height: 1px; background-color: #9f20df\" align=\"center\" color=\"#9f20df\" noshade=\"noshade\" /><em>&nbsp;<span>November 26th, 2010</span></em></div>\n<div>\n<h3>Website almost done!</h3></div>\n<div>I have finally emerged from my Thanksgiving food coma and started getting the website put together.&nbsp; I\'m learning a lot and having a blast!&nbsp; Still wondering how I\'m going to manage pulling off the reservation system.&nbsp; Maybe it\'s about time I finally tried my hand at learning some PHP and database management. </div>\n<div>&nbsp;</div>\n<div>Meanwhile, I have at least gotten almost all of the rest of the site done... that was the easy stuff!</div>\n<div>Hopefully I haven\'t misspelled anything, though. ;)</div>\n<div>&nbsp;</div>\n<div>\n<div>&nbsp;- Dimitri </div>\n<div>&nbsp;</div>\n<div>&nbsp;</div></div>\n<div>\n<div>\n<hr style=\"width: 100%; height: 1px; background-color: #9f20df\" align=\"center\" color=\"#9f20df\" noshade=\"noshade\" /><em>October 1st<span>, 2010</span></em></div>\n<div>\n<h3>Venue finally decided on!</h3></div>\n<div>UGG... searching for venues has got to be one of the most difficult\n parts of planning a wedding.&nbsp; It\'s not necessarily the incessant\nsearching and visiting, and so forth, to find the right place, it\'s the\nuncertainty in the meantime that\'s so tough.&nbsp; Not just the emotional\naspect of it, but also the fact that it puts the rest of the planning on\n hold!&nbsp; Do we need table settings?&nbsp; How about accommodations?&nbsp; Travel\narrangements?&nbsp; Food?&nbsp; Ceremony and reception logistics?&nbsp; Ack!</div>\n<div>&nbsp;</div>\n<div>&nbsp;One of the difficulties was deciding on, exactly, the kind of\nwedding that we wanted.&nbsp; Did we want a more period wedding, with a more\ntraditional structure?&nbsp; Did we want a more destination-wedding for us\nand our attendees?&nbsp; Did we want activities or just the ceremony/reception?&nbsp; And on,\nand on... We did know, at least, that we wanted it out in the woods, and\n that we wanted a party atmosphere.</div>\n<div>&nbsp;</div>\n<div>So now, at last, we have settled on Moon River Ranch, near Waco, TX.&nbsp; It is 1800 acres of awesome along the Brazos River.&nbsp; It\'s expensive, but it\'s gorgeous and will be a lot of fun!&nbsp; </div>\n<div>&nbsp;</div>\n<div>Link is <a title=\"\" href=\"../../../../http//moonriverranch.com\">here</a>.&nbsp; More info to come!</div>\n<div>&nbsp;</div>\n<div>&nbsp;- Dimitri</div>\n<div><br />\n<br xmlns=\"http://www.w3.org/1999/xhtml\" />&nbsp;</div></div>', null, null, null, null, null, null, '1', '', '', '', '', null, null, '', '', '', '', null, null, null, null, '1292863058', null, '');
REPLACE INTO `rvs_project_page` (`project_page_id`, `rvs_usr_id`, `page_name`, `custom_page_name`, `rvs_component_id`, `page_data`, `page_data_zone_2`, `page_data_zone_3`, `page_data_zone_4`, `colume_width_1`, `colume_width_2`, `colume_width_3`, `rvs_layout_id`, `head`, `page_title`, `meta_keyword`, `meta_description`, `effect_page_enter`, `duration_page_enter`, `meta_page_effect`, `rvs_link_id`, `target`, `form_template_id`, `i_pathway`, `i_mail`, `i_print`, `i_favorite`, `last_modifier`, `link_active`, `page_type`) VALUES ('d5b246f8e59d9028b731853db66ce11b', 'c6cfcbb6a5d54aa5f85a869579e0989f', 'Venue', '', '0', '<div>\n<h2 align=\"center\"><img alt=\"\" title=\"\" src=\"/3rdparty/rvsitebuilder/project/8c4ecb967d961441575fd98192e10d28/documents/venue/photos_corporate_retreats_cabin_pool.jpg\" width=\"500\" height=\"357\" />&nbsp;</h2>\n<h2 align=\"center\">Moon River Ranch</h2></div>\n<div align=\"center\"><em>&quot;Where time is measured in sunrises and sunsets.&quot;</em></div>\n<div>&nbsp;</div>\n<div>Located just east of Waco, TX (75 miles northeast of Austin), this ranch covers 1800 acres and 6 miles of the Brazos River.&nbsp; The look is rustic, the feel is cozy, the place is beautiful.&nbsp; </div>\n<div>&nbsp;</div>\n<div><img alt=\"\" title=\"\" src=\"/3rdparty/rvsitebuilder/project/8c4ecb967d961441575fd98192e10d28/documents/venue/photos_corporate_retreats_pleasant_day.jpg\" align=\"left\" width=\"350\" height=\"250\" /></div>The ranch is a gorgeous collection of luxurious accommodations,&nbsp; farmland, pecan orchards, fishing spots, and more.&nbsp; The breathtaking views, cascading waterfalls, shimmering pools, swaying palms and tranquil Brazos River all provide the perfect ambiance for a special wedding!&nbsp;\n<div>&nbsp;</div>\n<div>\n<div>Although lounging and relaxing are perfect pastimes out there, there are numerous other fun activities.&nbsp; One option is to take a hay ride that winds through the ranch, providing the opportunity to see some of the many types of wildlife including bald eagles, fox, coyotes and great blue herons. you could stroll through the barnyard along with the chickens, ducks, guineas and pigs!&nbsp; Stargaze the night sky or just relax around a roaring fire in the fire pit.&nbsp; There is also horseback ridding, canoeing, swimming and hiking.&nbsp; The picturesque banks of the Brazos River also provide a natural white sand beach to sink you toes in and watch the sunset.</div></div>\n<div>\n<div>&nbsp;</div></div>\n<div>\n<div>\n<div><br />\n<br xmlns=\"http://www.w3.org/1999/xhtml\" /><br xmlns=\"http://www.w3.org/1999/xhtml\" />\n<br xmlns=\"http://www.w3.org/1999/xhtml\" />&nbsp;&nbsp;</div></div></div>\n<div><img alt=\"\" title=\"\" src=\"/3rdparty/rvsitebuilder/project/8c4ecb967d961441575fd98192e10d28/documents/venue/photos_private_vacations_cabin_inside.jpg\" align=\"right\" width=\"400\" height=\"276\" /></div>\n<div>\n<div>\n<div>There are two lodges, a farm house, boat house, and a couple random\n cottages; all for a total of nearly 30 private rooms and a few shared\nrooms and bunks.&nbsp; Total bed accommodations are for about 96 people.</div></div></div>\n<div>\n<div>&nbsp;</div></div>\n<div>If you want to read more and see more pictures, go to <u><a href=\"http://moonriverranch.com/media.html\" title=\"\" target=\"_blank\">their website, here.</a></u><br />\n<div>&nbsp;</div></div>', null, null, null, null, null, null, '1', '', '', '', '', null, null, '', '', '', '', null, null, null, null, '1292572701', null, '');
REPLACE INTO `rvs_project_page` (`project_page_id`, `rvs_usr_id`, `page_name`, `custom_page_name`, `rvs_component_id`, `page_data`, `page_data_zone_2`, `page_data_zone_3`, `page_data_zone_4`, `colume_width_1`, `colume_width_2`, `colume_width_3`, `rvs_layout_id`, `head`, `page_title`, `meta_keyword`, `meta_description`, `effect_page_enter`, `duration_page_enter`, `meta_page_effect`, `rvs_link_id`, `target`, `form_template_id`, `i_pathway`, `i_mail`, `i_print`, `i_favorite`, `last_modifier`, `link_active`, `page_type`) VALUES ('d930992c0a663b586316c2737ab70b7f', 'c6cfcbb6a5d54aa5f85a869579e0989f', 'About us', '', '0', '<div align=\"center\"><img alt=\"\" title=\"\" src=\"/3rdparty/rvsitebuilder/project/8c4ecb967d961441575fd98192e10d28/documents/DnA-LAparkinggarage_SM.jpg\" width=\"645\" height=\"185\" /></div>\n<div>&nbsp;</div>\n<div align=\"justify\">Alice and Dimitri met on a spring night in 2007, at a party.&nbsp; As unexciting and unromantic as that is, the actual sparks that flew were anything but.&nbsp; They shared music, that night, at the ivory keys of a piano, and have been sharing it ever since.</div>\n<div>&nbsp;</div>\n<div>\n<div>Not a single relationship is without its ups and downs and gaps in between, and this was no exception.&nbsp; Over time, one thing has always remained true, though: their love and partnership is stronger than any obstacle, and would persevere.&nbsp; </div></div>\n<div>\n<div>&nbsp;</div></div>\n<div>In spring of 2011, after nearly 4 years of enriching each others\' lives, they will make their bond official in front of a gathering of dear friends and family.</div>\n<div>&nbsp;</div>\n<div>&nbsp;</div>\n<div>So&nbsp; what makes these two tick?&nbsp; Who are Alice and Dimitri?</div>\n<div><em>(written by each, about the other) </em></div>\n<div>&nbsp;</div>\n<div>&nbsp;</div>\n<div align=\"justify\"><img alt=\"\" title=\"\" src=\"/3rdparty/rvsitebuilder/project/8c4ecb967d961441575fd98192e10d28/documents/letter-A.gif\" width=\"60\" align=\"left\" height=\"124\" /></div>\n<div align=\"justify\">&nbsp;</div>\n<div align=\"justify\">&nbsp;</div>\n<div align=\"justify\">&nbsp;</div>\n<div align=\"justify\">&nbsp;lice is a true Indigo soul, bringing the joy of nature and<img alt=\"\" title=\"\" src=\"/3rdparty/rvsitebuilder/project/8c4ecb967d961441575fd98192e10d28/documents/alice_outside2.jpg\" width=\"240\" align=\"right\" height=\"267\" /> music to those around her. She loves herbs and spice and everything nice about Mother Nature.&nbsp; She thrives on knowing the plants around her and how to use them in many utilitarian, food, artistic, and medicinal ways.&nbsp; You have a sore throat?&nbsp; There\'s a tea for that.&nbsp; Poison ivy?&nbsp; There\'s a tea for that, too.&nbsp; Her current studies in Biology at Austin Community College (and eventually, hopefully, TX A&amp;M) tie in many of these interests and get her closer to her goal of one day working with the Parks and Wildlife department: getting paid to do what she does for fun every time she steps out into the woods.</div>\n<div align=\"justify\"></div>\n<div>&nbsp;</div>\n<div align=\"justify\">&nbsp;</div>\n<div align=\"justify\"><img alt=\"\" title=\"\" src=\"/3rdparty/rvsitebuilder/project/8c4ecb967d961441575fd98192e10d28/documents/IMG_0398.jpg\" width=\"120\" align=\"left\" height=\"160\" />Alice is also the pinnacle of courtesy.&nbsp; She jumps at every opportunity to host and knows how to really make a home a home.&nbsp; She is regularly greeted with guests complimenting her on how great her home is and how good and cozy it feels.&nbsp; Her intuition, phenomenal cooking, and green thumb are great contributors, as well as the love and energy that she puts into it. </div>\n<div align=\"justify\"></div>\n<div>&nbsp;</div>\n<div align=\"justify\"></div>\n<div align=\"justify\">She is an amazing singer and a delight to anyone lucky enough to get to hear her.&nbsp; She is also a passionate performer and looks forward to one day returning to the stage in any facet of musical performance.&nbsp;&nbsp; Perhaps the greatest compliment I can receive when I write a song on the piano is when Alice starts to sing along with her own, inspired, musical contribution.</div>\n<div>\n<div>&nbsp;</div></div>\n<div>\n<div>&nbsp;</div></div>\n<div>\n<div align=\"center\"><img alt=\"\" title=\"\" src=\"/3rdparty/rvsitebuilder/project/8c4ecb967d961441575fd98192e10d28/documents/DnA-MissouriRiver-2.jpg\" width=\"400\" height=\"200\" />&nbsp;</div></div>\n<div>\n<div><br />\n<div align=\"justify\"><img alt=\"\" title=\"\" src=\"/3rdparty/rvsitebuilder/project/8c4ecb967d961441575fd98192e10d28/documents/letter-D_sm.gif\" width=\"80\" align=\"left\" height=\"101\" /></div>\n<div align=\"justify\">&nbsp;</div>\n<div align=\"justify\">&nbsp;</div>\n<div align=\"justify\">&nbsp;</div></div>\n<div align=\"justify\">\n<div align=\"justify\"><img alt=\"\" title=\"\" src=\"/3rdparty/rvsitebuilder/project/8c4ecb967d961441575fd98192e10d28/documents/Dimitri-opera-2.jpg\" width=\"180\" align=\"right\" height=\"245\" />imitri is bubbling with optimism, enthusiasm, ambition, energy, and good will. Definitely a kind soul, he strives for a positive , uplifting atmosphere at home, work, and social endeavors, but embraces tough love.<br />\n<br />He has a passion for logic and conceptualization. He can spend hours a day typing out lines of programming code and enjoy most of every moment of it. ;) In addition to this, he is a wiz with numbers and is always willing to lend a hand tutoring math. Constantly determined to better himself and get the most out life, he has many business ideas that are on the road to reality.<br />\n<br />When Dimitri sits down at his grand piano, the house is filled with beautiful music, being that he is a highly skilled and talented musician. You can feel the music within your spirit, see the emotion in his face and in the gracefulness of his fingers.<br />\n<br /><img alt=\"\" title=\"\" src=\"/3rdparty/rvsitebuilder/project/8c4ecb967d961441575fd98192e10d28/documents/Dimitri-photoshoot-1.jpg\" width=\"140\" align=\"left\" height=\"253\" />You would also be hard pressed to find a more understanding, open minded, or fun loving individual. His sense of adventure and youthful humor make hanging with him a delightful experience. These adventures include anything from going out on the town dancing, driving across America in his VW Vanagon, participating in a city-wide scavenger hunt, hanging with awesome peeps at a themed costume party, traversing through the Jemez Mts. off trail, and starring in a homegrown musical; but that is nothing compared to the adventures he aspires to such as the Mongol Rally, sky-diving, riding in a hot-air balloon, sailing around South America and more!<br />\n<br />There is no doubt that he will one day make a caring, thoughtful, and loving father who encourages, supports, and has fun with his children.</div></div></div>\n<div align=\"justify\">\n<div align=\"justify\">&nbsp;</div></div>\n<div align=\"justify\">\n<div align=\"justify\">&nbsp;</div></div>\n<div align=\"justify\">\n<div align=\"justify\">&nbsp;</div></div>\n<div align=\"justify\">\n<div align=\"justify\">\n<div align=\"justify\">\n<div align=\"justify\">\n<div align=\"justify\"><br />\n<br xmlns=\"http://www.w3.org/1999/xhtml\" /><br xmlns=\"http://www.w3.org/1999/xhtml\" />\n<br xmlns=\"http://www.w3.org/1999/xhtml\" /><br xmlns=\"http://www.w3.org/1999/xhtml\" />\n<br xmlns=\"http://www.w3.org/1999/xhtml\" /><br xmlns=\"http://www.w3.org/1999/xhtml\" />\n<br xmlns=\"http://www.w3.org/1999/xhtml\" />&nbsp;<br xmlns=\"http://www.w3.org/1999/xhtml\" />\n<br xmlns=\"http://www.w3.org/1999/xhtml\" />&nbsp;<br xmlns=\"http://www.w3.org/1999/xhtml\" />\n&nbsp;&nbsp;</div></div></div></div></div>\n<div align=\"justify\"></div>', null, null, null, null, null, null, '1', '', '', '', '', null, null, '', '', '', '', null, null, null, null, '1293398184', null, '');
REPLACE INTO `rvs_project_page` (`project_page_id`, `rvs_usr_id`, `page_name`, `custom_page_name`, `rvs_component_id`, `page_data`, `page_data_zone_2`, `page_data_zone_3`, `page_data_zone_4`, `colume_width_1`, `colume_width_2`, `colume_width_3`, `rvs_layout_id`, `head`, `page_title`, `meta_keyword`, `meta_description`, `effect_page_enter`, `duration_page_enter`, `meta_page_effect`, `rvs_link_id`, `target`, `form_template_id`, `i_pathway`, `i_mail`, `i_print`, `i_favorite`, `last_modifier`, `link_active`, `page_type`) VALUES ('258f6296f681f19172982de2717d953a', 'c6cfcbb6a5d54aa5f85a869579e0989f', 'Schedule & Activities', '', '0', '<p>\n<table style=\"border-collapse: collapse\" border=\"0\" bordercolor=\"#d4d4d4\" cellpadding=\"1\" cellspacing=\"0\">\n<tbody>\n<tr valign=\"top\">\n<td colspan=\"2\">\n<div>\n<h2>&nbsp;Friday, April 29th</h2></div></td></tr>\n<tr valign=\"top\">\n<td>\n<div><strong>1pm - 8pm</strong></div></td>\n<td>\n<div>Arrival and Check-in&nbsp;&nbsp;&nbsp; (Office)</div></td></tr>\n<tr valign=\"top\">\n<td>\n<div><strong>7:30pm</strong></div></td>\n<td>\n<div>Small dinner for overnight guests&nbsp;&nbsp;&nbsp; (Main Lodge)</div></td></tr>\n<tr valign=\"top\">\n<td><br />\n</td>\n<td>\n<div>&nbsp;</div></td></tr>\n<tr valign=\"top\">\n<td colspan=\"2\">\n<div>\n<h2>Saturday, April 30th</h2></div></td></tr>\n<tr valign=\"top\">\n<td>\n<div><strong>11am</strong></div></td>\n<td>\n<div>Ceremony &nbsp;&nbsp; (Pecan Orchard) </div></td></tr>\n<tr valign=\"top\">\n<td>\n<div><strong>11:30am</strong></div></td>\n<td>\n<div>Brunch Reception&nbsp;&nbsp;&nbsp; (Dining Hall)</div></td></tr>\n<tr valign=\"top\">\n<td>\n<div><strong>1pm</strong></div></td>\n<td>\n<div>Activities begin:</div>\n<ul>\n<li><span class=\"htmlTag\"><span class=\"tableTag\">Swimming (pool or Brazos River) <br />\n</span></span></li>\n<li><span class=\"htmlTag\"><span class=\"tableTag\">Horseback riding (requires sign-up)</span></span></li>\n<li><span class=\"htmlTag\"><span class=\"tableTag\">Hiking <br />\n</span></span></li>\n<li><span class=\"htmlTag\"><span class=\"tableTag\">Kayaks/canoes (requires sign-up)</span></span></li>\n<li><span class=\"htmlTag\"><span class=\"tableTag\">Skeet shooting (requires $)&nbsp;</span></span> </li>\n<li>Darts, pool, shuffleboard</li>\n<li>Lounging</li></ul></td></tr>\n<tr valign=\"top\">\n<td>\n<div><strong>7:30pm</strong></div></td>\n<td>\n<div>Dinner&nbsp;&nbsp;&nbsp; (Dining Hall)</div></td></tr>\n<tr valign=\"top\">\n<td>\n<div><strong>8pm</strong></div></td>\n<td>\n<div>Musical performance by Dimitri and Alice &nbsp; (Dining Hall)</div></td></tr>\n<tr valign=\"top\">\n<td>\n<div><strong>9pm - 2am</strong></div></td>\n<td>\n<div>DJ with dance music &nbsp; (Dining Hall)</div></td></tr>\n<tr valign=\"top\">\n<td>\n<div>&nbsp;</div></td>\n<td>\n<div>&nbsp;</div></td></tr>\n<tr valign=\"top\">\n<td colspan=\"2\">\n<div>\n<h2>&nbsp;Sunday, May 1st </h2></div></td></tr>\n<tr valign=\"top\">\n<td>\n<div><strong>8am - 10am </strong></div></td>\n<td>\n<div>Continental Breakfast&nbsp;&nbsp;&nbsp; (Main Lodge)</div></td></tr>\n<tr valign=\"top\">\n<td>\n<div><strong>9am - 12pm</strong></div></td>\n<td>\n<div>Check-out &nbsp;&nbsp; (Office) </div></td></tr>\n<tr valign=\"top\">\n<td>\n<div><strong>9am - 2pm&nbsp;&nbsp;&nbsp;&nbsp;&nbsp; <br />\n</strong></div></td>\n<td>\n<div>Airport shuttles leave</div></td></tr></tbody></table></p>\n<div>&nbsp;</div>\n<div>&nbsp;</div>\n<div>\n<hr style=\"width: 50%\" align=\"left\" />\n<h2>Activity Sign-up:</h2></div>\n<div>(coming soon)</div>\n<div>&nbsp;</div>', null, null, null, null, null, null, '1', '', '', '', '', null, null, '', '', '', '', null, null, null, null, '1293412217', null, '');
REPLACE INTO `rvs_project_page` (`project_page_id`, `rvs_usr_id`, `page_name`, `custom_page_name`, `rvs_component_id`, `page_data`, `page_data_zone_2`, `page_data_zone_3`, `page_data_zone_4`, `colume_width_1`, `colume_width_2`, `colume_width_3`, `rvs_layout_id`, `head`, `page_title`, `meta_keyword`, `meta_description`, `effect_page_enter`, `duration_page_enter`, `meta_page_effect`, `rvs_link_id`, `target`, `form_template_id`, `i_pathway`, `i_mail`, `i_print`, `i_favorite`, `last_modifier`, `link_active`, `page_type`) VALUES ('ac7e6a6825fb4a0c62884ae048d8dc73', 'c6cfcbb6a5d54aa5f85a869579e0989f', 'Accommodations', '', '0', '<div align=\"center\">\n<div align=\"center\"><font style=\"font-size: 24px\">Moon River Ranch</font></div>\n<div align=\"center\"><font style=\"font-size: 24px\"><strong>On-site Accommodations</strong> </font><br />\n</div>\n<div align=\"center\">&nbsp;</div></div>\n<div align=\"center\">\n<div align=\"center\"><img alt=\"\" title=\"\" src=\"/3rdparty/rvsitebuilder/project/8c4ecb967d961441575fd98192e10d28/documents/venue/photos_family_reunions_lake.jpg\" width=\"500\" height=\"346\" /></div></div>\n<div>&nbsp;</div>\n<div align=\"center\">Hopefully you\'ll consider staying on the ranch with us!&nbsp; Not only will you be near the excitement and the cool wedding people, you\'ll also get all of the luxuries of this fantastic, rustic, relaxing resort.</div>\n<div>&nbsp;</div>\n<div align=\"center\">Below the pictures is a reservation form where you can reserve, and put a down payment on, a room. </div>\n<div>&nbsp;</div>\n<div align=\"center\"><img alt=\"\" title=\"\" src=\"/3rdparty/rvsitebuilder/project/8c4ecb967d961441575fd98192e10d28/documents/venue/photos_corporate_retreats_barn_outside.jpg\" width=\"500\" height=\"335\" />&nbsp;</div>\n<div>&nbsp;</div>\n<div align=\"center\"><img alt=\"\" title=\"\" src=\"/3rdparty/rvsitebuilder/project/8c4ecb967d961441575fd98192e10d28/documents/venue/photos_private_vacations_cabin_inside_2.jpg\" width=\"500\" height=\"346\" /></div>\n<div>&nbsp;</div>\n<div align=\"center\"><img alt=\"\" title=\"\" src=\"/3rdparty/rvsitebuilder/project/8c4ecb967d961441575fd98192e10d28/documents/venue/photos_family_reunions_front_porch.jpg\" width=\"500\" height=\"345\" /></div>\n<div>&nbsp;</div>\n<div align=\"center\"><img alt=\"\" title=\"\" src=\"/3rdparty/rvsitebuilder/project/8c4ecb967d961441575fd98192e10d28/documents/venue/photos_family_reunions_pool_evening.jpg\" width=\"500\" height=\"359\" /></div>\n<div>&nbsp;</div>\n<div>&nbsp;</div>\n<div>Below is the Reservation form if you would like to purchase a room, bunk, or Airstream on the ranch.&nbsp; You can choose to have the accommodation for one night, or two. </div>\n<div>&nbsp;</div>\n<div>\n<div>Exact room location will be assigned at the wedding.&nbsp; A full payment can be made now, or you can make a down payment of half, with the other half due at the event.</div></div>\n<div>\n<div>&nbsp;</div></div>\n<div>All credit card purchases are through a secure site on PayPal.&nbsp; They will go directly to Dimitri and Alice, who will pay the venue.</div>\n<div>&nbsp;</div>\n<div>To begin, please select your name from the list.</div>\n<p>\n<div>\nIf your name is not in this list then<u> <a href=\"9549b5dc8c010729dbf7c8e7e0c4b6cf.php\" title=\"\">RSVP here</a></u>, first.</div><br />\n<form action=\"http://dimitriandalice.com/scripts/accommSQL.php\" method=\"post\"><?php 	\n	$linkID = @mysql_connect( \"localhost\", \"dimitria_web\", \"wedding\" ) \n			  or die( \"Error opening database: \" . mysql_error() . \". please try again.  \");\n	mysql_select_db(\"dimitria_wedding\", $linkID );\n	\n	print \"<select name=\"guest_name\">\";\n	$result = mysql_query( \"SELECT last_name, first_name, guest_id FROM rsvps WHERE attendance = \'yes\'\", $linkID );\n	while ( $row = mysql_fetch_row( $result ) ) \n	{\n		print \"<option value=\"$row[2]\">$row[0], $row[1]</option>\";\n	}\n	print \"</select>\";\n	\n	mysql_close( $linkID );?></form>\n<div>\n<div><br />\n<div>\n<div>\n<div>\n<div>Other accommodations:</div>\n<div>Marlin, TX (12 miles)</div>\n<div>&nbsp;- Budget Inn</div>\n<div>&nbsp;- Relax Inn</div>\n<div>&nbsp;- Marlin Inn</div></div>\n<div>\n<div>&nbsp;- Best Western</div></div></div>\n<div>\n<div>&nbsp;</div></div>\n<div>Waco, TX (16 miles)</div>\n<div>&nbsp;- Super 8</div>\n<div>&nbsp;- Sleep Inn &amp; Suites</div>\n<div>&nbsp;- Fairfield Inn</div>\n<div>&nbsp;- Hampton Inn</div>\n<div>&nbsp;- Hometown Suites (Hilton)</div></div></div></div></p>', null, null, null, null, null, null, '1', '', '', '', '', null, null, '', '', '', '', null, null, null, null, '1292574846', null, '');
REPLACE INTO `rvs_project_page` (`project_page_id`, `rvs_usr_id`, `page_name`, `custom_page_name`, `rvs_component_id`, `page_data`, `page_data_zone_2`, `page_data_zone_3`, `page_data_zone_4`, `colume_width_1`, `colume_width_2`, `colume_width_3`, `rvs_layout_id`, `head`, `page_title`, `meta_keyword`, `meta_description`, `effect_page_enter`, `duration_page_enter`, `meta_page_effect`, `rvs_link_id`, `target`, `form_template_id`, `i_pathway`, `i_mail`, `i_print`, `i_favorite`, `last_modifier`, `link_active`, `page_type`) VALUES ('2e6e09d62cf110267af3f76e146ba8c2', 'c6cfcbb6a5d54aa5f85a869579e0989f', 'Travel', '', '0', '<div>\n<div>\n<h2>Suggested flight dates:</h2></div></div>\n<div>\n<div>4/29/10 (Friday)</div>\n<div>&nbsp;5/1/10 (Sunday)</div>\n<div>&nbsp;</div>\n<div>\n<h2>Suggested airports:</h2> </div>\n<div>Austin, TX -<strong> AUS</strong>&nbsp; (112 miles)</div>\n<div>Waco, TX - <strong>ACT </strong>(24 miles) </div>\n<div>Dallas-Ft. Worth, TX -<strong> DFW</strong> (129 miles)</div></div>\n<div>\n<div>\n<div>&nbsp;</div>\n<div>\n<div>\n<h2>Free Airport Shuttles&nbsp;</h2>\n<div>&nbsp;We will have voluntary drivers leaving/arriving at the two major airports at the following times.&nbsp; I will send out an email when the sign-up system is available.&nbsp; Until then, feel free to schedule your flights around these times.&nbsp;</div>\n<div>&nbsp;</div></div>\n<div><strong>Austin </strong></div>\n<div>\n<ul>\n<li>Friday - leave airport at 4pm&nbsp;&nbsp; (sign-up coming soon)<br />\n</li>\n<li>Sunday - arrive at airport at 11am&nbsp;&nbsp;&nbsp; (sign-up coming soon)<br />\n</li></ul></div>\n<div>&nbsp;</div>\n<div></div>\n<div>\n<div><strong>Dallas</strong></div>\n<div>\n<ul>\n<li>Friday - leave airport at 4pm&nbsp;&nbsp;&nbsp; (sign-up coming soon)</li>\n<li>Sunday - arrive at airport at 11am&nbsp;&nbsp;&nbsp; (sign-up coming soon)</li></ul></div>\n<div>&nbsp;</div></div></div>\n<div></div>\n<div>\n<h2>Car Pools</h2></div>\n<div>\n<div>If you cannot schedule your flights around the above times, or are a local resident to Austin or Dallas that would like to carpool, then the below sign-up system will also be made available to connect people.&nbsp; I will send an email when this system is ready to use, so keep an eye out!</div></div>\n<div>\n<div>&nbsp;</div></div>\n<div>(car-pool sign-up system coming soon)<br />\n<div>\n<div>&nbsp;</div></div></div></div></div>\n<div>\n<div>\n<div>&nbsp;</div></div>\n<div>\n<div>&nbsp;</div></div></div>\n<div>\n<div>Any further questions: <a href=\"&#109;&#97;&#105;&#108;&#116;&#111;&#58;&#68;&#105;&#109;&#105;&#116;&#114;&#105;&#64;&#68;&#105;&#109;&#105;&#116;&#114;&#105;&#65;&#110;&#100;&#65;&#108;&#105;&#99;&#101;&#46;&#99;&#111;&#109;\" title=\"\">&#68;&#105;&#109;&#105;&#116;&#114;&#105;&#64;&#68;&#105;&#109;&#105;&#116;&#114;&#105;&#65;&#110;&#100;&#65;&#108;&#105;&#99;&#101;&#46;&#99;&#111;&#109;</a><br />\n</div></div>', null, null, null, null, null, null, '1', '', '', '', '', null, null, '', '', '', '', null, null, null, null, '1293414362', null, '');
REPLACE INTO `rvs_project_page` (`project_page_id`, `rvs_usr_id`, `page_name`, `custom_page_name`, `rvs_component_id`, `page_data`, `page_data_zone_2`, `page_data_zone_3`, `page_data_zone_4`, `colume_width_1`, `colume_width_2`, `colume_width_3`, `rvs_layout_id`, `head`, `page_title`, `meta_keyword`, `meta_description`, `effect_page_enter`, `duration_page_enter`, `meta_page_effect`, `rvs_link_id`, `target`, `form_template_id`, `i_pathway`, `i_mail`, `i_print`, `i_favorite`, `last_modifier`, `link_active`, `page_type`) VALUES ('f9b2cfbecc7c56def6052828b85fae00', 'c6cfcbb6a5d54aa5f85a869579e0989f', 'Gifts', '', '0', '<span></span><style  >\n /* Style Definitions */\n table.MsoNormalTable\n	{mso-style-name:&quot;Table Normal&quot;;\n	mso-tstyle-rowband-size:0;\n	mso-tstyle-colband-size:0;\n	mso-style-noshow:yes;\n	mso-style-parent:&quot;&quot;;\n	mso-padding-alt:0in 5.4pt 0in 5.4pt;\n	mso-para-margin:0in;\n	mso-para-margin-bottom:.0001pt;\n	mso-pagination:widow-orphan;\n	font-size:10.0pt;\n	font-family:&quot;Times New Roman&quot;;\n	mso-ansi-language:#0400;\n	mso-fareast-language:#0400;\n	mso-bidi-language:#0400;}</style>\n<div class=\"MsoNormal\">Although our biggest gift is <strong>having our friends and family\nwith us</strong> on this special occasion, there are still some that feel obligated to\nnot come empty handed.<span>&nbsp; </span>If you are one of\nthose then you can look into getting us gift cards at either of these two\nplaces:</div>\n<div class=\"MsoNormal\">&nbsp;</div>\n<div class=\"MsoNormal\">&nbsp;</div>\n<div class=\"MsoNormal\"><img alt=\"\" title=\"\" src=\"/3rdparty/rvsitebuilder/project/8c4ecb967d961441575fd98192e10d28/documents/gifts/tempurpedicbed.jpg\" width=\"125\" height=\"125\" /><img alt=\"\" title=\"\" src=\"/3rdparty/rvsitebuilder/project/8c4ecb967d961441575fd98192e10d28/documents/gifts/shelving.jpg\" width=\"125\" height=\"125\" /><img alt=\"\" title=\"\" src=\"/3rdparty/rvsitebuilder/project/8c4ecb967d961441575fd98192e10d28/documents/gifts/knives.jpg\" width=\"125\" height=\"125\" /><img alt=\"\" title=\"\" src=\"/3rdparty/rvsitebuilder/project/8c4ecb967d961441575fd98192e10d28/documents/gifts/steammopper.jpg\" width=\"125\" height=\"125\" /></div>\n<p class=\"MsoNormal\"><font style=\"font-size: 16px\"><strong>Brookstone</strong></font> \ntheir bedding/mattress stuff is excellent (Tempurpedic!), not to mention all of\nthe really useful gadgets for storage, kitchen, cleaning, etc.</p>\n<p class=\"MsoNormal\"><u><a href=\"http://www.brookstone.com/Brookstone-Gift-Cards.html?bkiid=redirect|giftcard\" title=\"\">Brookstone.com Wedding Gift Card link.</a></u></p>\n<div class=\"MsoNormal\">\n<div class=\"MsoNormal\">&nbsp;</div></div>\n<div class=\"MsoNormal\">\n<div class=\"MsoNormal\">&nbsp;</div></div>\n<div class=\"MsoNormal\"><strong>\n<hr style=\"width: 75%\" align=\"center\" /></strong></div>\n<div class=\"MsoNormal\"><strong>&nbsp;<img alt=\"\" title=\"\" src=\"/3rdparty/rvsitebuilder/project/8c4ecb967d961441575fd98192e10d28/documents/gifts/oven.jpg\" width=\"100\" height=\"100\" /><img alt=\"\" title=\"\" src=\"/3rdparty/rvsitebuilder/project/8c4ecb967d961441575fd98192e10d28/documents/gifts/sink.jpg\" width=\"100\" height=\"100\" /><img alt=\"\" title=\"\" src=\"/3rdparty/rvsitebuilder/project/8c4ecb967d961441575fd98192e10d28/documents/gifts/toolset.jpg\" width=\"100\" height=\"100\" /><img alt=\"\" title=\"\" src=\"/3rdparty/rvsitebuilder/project/8c4ecb967d961441575fd98192e10d28/documents/gifts/wood.jpg\" width=\"100\" height=\"100\" /></strong></div>\n<div class=\"MsoNormal\"><font style=\"font-size: 14px\"><strong>Lowes</strong></font> \nExcellent source for stuff for our joint DIY projects around the house, as well as small and\nbig appliances.</div>\n<p class=\"MsoNormal\"><u><a href=\"http://www.lowes.com/pd_59983-0-SPOCC-WEDD_0__?productId=1094007&amp;Ntt=wedding+cards&amp;pl=1&amp;currentURL=%2Fpl__0__s%3FNtt%3Dwedding%2Bcards\" title=\"\">Lowes.com Wedding Gift Card link.</a></u></p>\n<p class=\"MsoNormal\">&nbsp; </p>\n<div class=\"MsoNormal\"><strong>\n<hr style=\"width: 75%\" align=\"center\" /></strong></div>\n<div class=\"MsoNormal\"><strong>&nbsp;</strong></div>\n<div><span>If you do choose to get a gift card and are also planning\non making it to the wedding then please keep it and <strong>bring it with you to the event </strong>so we can thank you\nin person!</span></div>\n<div><span>If you\'re not coming, then you can send them to us at:&nbsp; 1125 Byers Ln., Austin, TX, 78753<br />\n</span></div>', null, null, null, null, null, null, '1', '', '', '', '', null, null, '', '', '', '', null, null, null, null, '1292863455', null, '');
REPLACE INTO `rvs_project_page` (`project_page_id`, `rvs_usr_id`, `page_name`, `custom_page_name`, `rvs_component_id`, `page_data`, `page_data_zone_2`, `page_data_zone_3`, `page_data_zone_4`, `colume_width_1`, `colume_width_2`, `colume_width_3`, `rvs_layout_id`, `head`, `page_title`, `meta_keyword`, `meta_description`, `effect_page_enter`, `duration_page_enter`, `meta_page_effect`, `rvs_link_id`, `target`, `form_template_id`, `i_pathway`, `i_mail`, `i_print`, `i_favorite`, `last_modifier`, `link_active`, `page_type`) VALUES ('9549b5dc8c010729dbf7c8e7e0c4b6cf', 'c6cfcbb6a5d54aa5f85a869579e0989f', 'RSVP', '', '0', '<div>Thank you for responding to your invite!</div>\n<div>&nbsp;</div>\n<div>Please fill out the form below and click &quot;Submit.&quot;&nbsp; The information will be sent directly to us so we can properly plan food,&nbsp; seating, etc.</div>\n<div>&nbsp;</div>\n<div align=\"center\">Please respond by <strong>March 30<sup>th</sup>, 2011</strong>! </div>\n<div>&nbsp;</div>\n<div>Also, we highly encourage you to give us a valid email address so we can send you important event information and changes as the wedding gets closer.&nbsp; </div>\n<div>&nbsp;</div>\n<div>There is a bunch of very nice lodging on the Ranch and we would love if you stayed with us!&nbsp; Please see <a href=\"ac7e6a6825fb4a0c62884ae048d8dc73.php\" title=\"\">Accommodations</a> for more info and to make reservations.&nbsp; There are also Saturday activities that you can sign up for, so please see <a href=\"258f6296f681f19172982de2717d953a.php\" title=\"\">Event Info</a> for more information.</div>\n<div>&nbsp;</div>\n<div>Thank you!!</div>\n<div>&nbsp;</div>\n<form action=\"http://dimitriandalice.com/scripts/rsvp.php\" method=\"post\">\n<table>\n<tbody>\n<tr>\n<td>\nWill you attend?</td>\n<td> <select name=\"attendance\">\n<option value=\"yes\">Yes</option>\n<option value=\"no\">No</option></select></td></tr>\n<tr>\n<td>Number of adults:</td>\n<td><select name=\"num_adults\">\n<option value=\"1\">1</option>\n<option value=\"2\">2</option>\n<option value=\"3\">3</option>\n<option value=\"4\">4</option></select></td></tr>\n<tr>\n<td>Number of children:</td>\n<td><select name=\"num_children\">\n<option value=\"0\">0</option>\n<option value=\"1\">1</option>\n<option value=\"2\">2</option>\n<option value=\"3\">3</option>\n<option value=\"4\">4</option>\n<option value=\"5\">5</option></select></td></tr>\n<tr>\n<td>\nFirst name: </td>\n<td><input name=\"first_name\" maxlength=\"20\" type=\"text\" /></td></tr>\n<tr>\n<td>Last name:</td>\n<td><input name=\"last_name\" maxlength=\"20\" type=\"text\" /></td></tr>\n<tr>\n<td>E-Mail:</td>\n<td><input name=\"email\" maxlength=\"100\" size=\"25\" type=\"text\" /></td></tr>\n<tr>\n<td>Phone:</td>\n<td><input name=\"phone\" maxlength=\"12\" size=\"12\" type=\"text\" /></td></tr>\n<tr>\n<td> <br />\n</td></tr>\n<tr>\n<td>Mailing address</td></tr>\n<tr></tr>\n<tr>\n<td>\nStreet/PO Box:</td>\n<td><input name=\"address_street\" maxlength=\"100\" size=\"25\" type=\"text\" /></td></tr>\n<tr>\n<td>State &amp; zip:</td>\n<td><input name=\"address_statezip\" maxlength=\"20\" size=\"10\" type=\"text\" /></td></tr></tbody></table><br />\nMessage for the bride and groom:<br />\n<textarea name=\"message\" cols=\"50\" rows=\"8\"></textarea><br />\n<input name=\"submit\" value=\"Submit RSVP!\" type=\"submit\" /></form>', null, null, null, null, null, null, '1', '', '', '', '', null, null, '', '', '', '', null, null, null, null, '1291358934', null, '');
REPLACE INTO `rvs_publish` (`project_id`, `rvs_publish_protocal`, `rvs_publish_domain`, `rvs_publish_path`) VALUES ('8c4ecb967d961441575fd98192e10d28', 'http', 'dimitriandalice.com', '');
REPLACE INTO `rvs_side_to_project` (`rvs_side_id`, `project_id`) VALUES ('1dd152d9acbaa48b7431c32af301572b', '8c4ecb967d961441575fd98192e10d28');
REPLACE INTO `rvs_side` (`rvs_side_id`, `side_config`, `side_value`) VALUES ('1dd152d9acbaa48b7431c32af301572b', 'bottom', '<div align=\"center\">&nbsp;</div>\r\n<div align=\"center\">E-mail Dimitri any time, with any questions: <a href=\"mailto:Dimitri@DimitriandAlice.com?subject=Website%20Question\" title=\"\">Dimitri@DimitriandAlice.com</a> </div>\r\n<div>&nbsp;</div>\r\n<div align=\"center\"><font style=\"font-size: smaller\"> 2011 Dugal Designs&nbsp;  Site template by RVGlobalSoft  Reservation and RSVP systems coded by Dimitri Hammond </font></div>\r\n<div align=\"center\"><font style=\"font-size: smaller\">&nbsp;</font></div>');
REPLACE INTO `rvs_template_item` (`template_item_id`, `products_id`, `template_id`, `template_item_folder`, `template_type_s_preview`, `color_id`, `picture_id`) VALUES ('7293e370ec9c0835b6f1c558402858c1', '21-757-1', '7293e370ec9c0835b6f1c558402858c1', 'pro_21-757-1_black_flower_1', 'jpg', '67', '81e73cdbc481c540bc89e4015eaf710f');
REPLACE INTO `rvs_template_item_navigator_color` (`template_item_id`, `custom_color_group_id`) VALUES ('7293e370ec9c0835b6f1c558402858c1', '13');
REPLACE INTO `rvs_template` (`template_id`, `default_template_item_id`, `default_template_item_id2`, `font_id`, `menustyle_id`, `navigator_id`, `default_layout_id`, `sort_priority`, `cdate`) VALUES ('7293e370ec9c0835b6f1c558402858c1', '7293e370ec9c0835b6f1c558402858c1', '', '12', '1', '288', 'b5e35372e5c8a791b968b9f4ba97c9c4', '200', '1259539200');
REPLACE INTO `rvs_menustyle` (`menustyle_id`, `menustyle_description`) VALUES ('1', 'vertical');
REPLACE INTO `rvs_template_categories_xref` (`template_id`, `rvs_category_id`) VALUES ('7293e370ec9c0835b6f1c558402858c1', '21');
REPLACE INTO `rvs_template_type_xref` (`template_id`, `template_type_id`) VALUES ('7293e370ec9c0835b6f1c558402858c1', '2');
REPLACE INTO `rvs_template_type` (`template_type_id`, `template_type_name`) VALUES ('2', 'Two-tone');
REPLACE INTO `rvs_usr` (`rvs_usr_id`, `user_name`) VALUES ('c6cfcbb6a5d54aa5f85a869579e0989f', 'dimitria');
